Path,Method,Schema,Model Name,Supported,Datasource,Resource
/apps/core.eda.nokia.com,GET,AppGroup,app_group,true,true,false
/apps/core.eda.nokia.com/v1,GET,ResourceList,resource_list,true,true,false
/apps/core.eda.nokia.com/v1/_ui/{pathname},GET,UIResult,,false,false,false
/apps/core.eda.nokia.com/v1/alarmdefinitions,GET,com.nokia.eda.core.v1.AlarmDefinitionList,alarm_definition_list,true,true,false
/apps/core.eda.nokia.com/v1/alarmdefinitions/{name},GET,com.nokia.eda.core.v1.AlarmDefinition,alarm_definition,true,true,false
/apps/core.eda.nokia.com/v1/alarmdefinitions/{name}/_revs,GET,ResourceHistory,,false,false,false
/apps/core.eda.nokia.com/v1/alarmdefinitions/{name}/_targets,GET,IntentTargets,,false,false,false
/apps/core.eda.nokia.com/v1/alarmpolicies,DELETE,com.nokia.eda.core.v1.AlarmPolicyList,,false,false,false
/apps/core.eda.nokia.com/v1/alarmpolicies,GET,com.nokia.eda.core.v1.AlarmPolicyList,alarm_policy_list,true,true,false
/apps/core.eda.nokia.com/v1/alarmpolicies,POST,com.nokia.eda.core.v1.AlarmPolicy,alarm_policy,true,false,true
/apps/core.eda.nokia.com/v1/alarmpolicies/_deleted,GET,com.nokia.eda.core.v1.AlarmPolicy_DeletedResources,,false,false,false
/apps/core.eda.nokia.com/v1/alarmpolicies/{name},DELETE,Status,alarm_policy,true,false,true
/apps/core.eda.nokia.com/v1/alarmpolicies/{name},GET,com.nokia.eda.core.v1.AlarmPolicy,alarm_policy,true,true,true
/apps/core.eda.nokia.com/v1/alarmpolicies/{name},PATCH,com.nokia.eda.core.v1.AlarmPolicy,,false,false,false
/apps/core.eda.nokia.com/v1/alarmpolicies/{name},PUT,com.nokia.eda.core.v1.AlarmPolicy,alarm_policy,true,false,true
/apps/core.eda.nokia.com/v1/alarmpolicies/{name}/_revs,GET,ResourceHistory,,false,false,false
/apps/core.eda.nokia.com/v1/alarmpolicies/{name}/_targets,GET,IntentTargets,,false,false,false
/apps/core.eda.nokia.com/v1/alarmpolicies/{name}/_topology,POST,K8STopologyRequest,,false,false,false
/apps/core.eda.nokia.com/v1/alarms,GET,com.nokia.eda.core.v1.AlarmList,alarm_list,true,true,false
/apps/core.eda.nokia.com/v1/alarms/{name},GET,com.nokia.eda.core.v1.Alarm,alarm,true,true,false
/apps/core.eda.nokia.com/v1/alarms/{name}/_revs,GET,ResourceHistory,,false,false,false
/apps/core.eda.nokia.com/v1/alarms/{name}/_targets,GET,IntentTargets,,false,false,false
/apps/core.eda.nokia.com/v1/branches,DELETE,com.nokia.eda.core.v1.BranchList,,false,false,false
/apps/core.eda.nokia.com/v1/branches,GET,com.nokia.eda.core.v1.BranchList,branch_list,true,true,false
/apps/core.eda.nokia.com/v1/branches,POST,com.nokia.eda.core.v1.Branch,branch,true,false,true
/apps/core.eda.nokia.com/v1/branches/_deleted,GET,com.nokia.eda.core.v1.Branch_DeletedResources,,false,false,false
/apps/core.eda.nokia.com/v1/branches/{name},DELETE,Status,branch,true,false,true
/apps/core.eda.nokia.com/v1/branches/{name},GET,com.nokia.eda.core.v1.Branch,branch,true,true,true
/apps/core.eda.nokia.com/v1/branches/{name},PATCH,com.nokia.eda.core.v1.Branch,,false,false,false
/apps/core.eda.nokia.com/v1/branches/{name},PUT,com.nokia.eda.core.v1.Branch,branch,true,false,true
/apps/core.eda.nokia.com/v1/branches/{name}/_revs,GET,ResourceHistory,,false,false,false
/apps/core.eda.nokia.com/v1/branches/{name}/_targets,GET,IntentTargets,,false,false,false
/apps/core.eda.nokia.com/v1/branches/{name}/_topology,POST,K8STopologyRequest,,false,false,false
/apps/core.eda.nokia.com/v1/clientproviders,DELETE,com.nokia.eda.core.v1.ClientProviderList,,false,false,false
/apps/core.eda.nokia.com/v1/clientproviders,GET,com.nokia.eda.core.v1.ClientProviderList,client_provider_list,true,true,false
/apps/core.eda.nokia.com/v1/clientproviders,POST,com.nokia.eda.core.v1.ClientProvider,client_provider,true,false,true
/apps/core.eda.nokia.com/v1/clientproviders/_deleted,GET,com.nokia.eda.core.v1.ClientProvider_DeletedResources,,false,false,false
/apps/core.eda.nokia.com/v1/clientproviders/{name},DELETE,Status,client_provider,true,false,true
/apps/core.eda.nokia.com/v1/clientproviders/{name},GET,com.nokia.eda.core.v1.ClientProvider,client_provider,true,true,true
/apps/core.eda.nokia.com/v1/clientproviders/{name},PATCH,com.nokia.eda.core.v1.ClientProvider,,false,false,false
/apps/core.eda.nokia.com/v1/clientproviders/{name},PUT,com.nokia.eda.core.v1.ClientProvider,client_provider,true,false,true
/apps/core.eda.nokia.com/v1/clientproviders/{name}/_revs,GET,ResourceHistory,,false,false,false
/apps/core.eda.nokia.com/v1/clientproviders/{name}/_targets,GET,IntentTargets,,false,false,false
/apps/core.eda.nokia.com/v1/clientproviders/{name}/_topology,POST,K8STopologyRequest,,false,false,false
/apps/core.eda.nokia.com/v1/clienttables,DELETE,com.nokia.eda.core.v1.ClientTableList,,false,false,false
/apps/core.eda.nokia.com/v1/clienttables,GET,com.nokia.eda.core.v1.ClientTableList,client_table_list,true,true,false
/apps/core.eda.nokia.com/v1/clienttables,POST,com.nokia.eda.core.v1.ClientTable,client_table,true,false,true
/apps/core.eda.nokia.com/v1/clienttables/_deleted,GET,com.nokia.eda.core.v1.ClientTable_DeletedResources,,false,false,false
/apps/core.eda.nokia.com/v1/clienttables/{name},DELETE,Status,client_table,true,false,true
/apps/core.eda.nokia.com/v1/clienttables/{name},GET,com.nokia.eda.core.v1.ClientTable,client_table,true,true,true
/apps/core.eda.nokia.com/v1/clienttables/{name},PATCH,com.nokia.eda.core.v1.ClientTable,,false,false,false
/apps/core.eda.nokia.com/v1/clienttables/{name},PUT,com.nokia.eda.core.v1.ClientTable,client_table,true,false,true
/apps/core.eda.nokia.com/v1/clienttables/{name}/_revs,GET,ResourceHistory,,false,false,false
/apps/core.eda.nokia.com/v1/clienttables/{name}/_targets,GET,IntentTargets,,false,false,false
/apps/core.eda.nokia.com/v1/clienttables/{name}/_topology,POST,K8STopologyRequest,,false,false,false
/apps/core.eda.nokia.com/v1/clusterproviders,DELETE,com.nokia.eda.core.v1.ClusterProviderList,,false,false,false
/apps/core.eda.nokia.com/v1/clusterproviders,GET,com.nokia.eda.core.v1.ClusterProviderList,cluster_provider_list,true,true,false
/apps/core.eda.nokia.com/v1/clusterproviders,POST,com.nokia.eda.core.v1.ClusterProvider,cluster_provider,true,false,true
/apps/core.eda.nokia.com/v1/clusterproviders/_deleted,GET,com.nokia.eda.core.v1.ClusterProvider_DeletedResources,,false,false,false
/apps/core.eda.nokia.com/v1/clusterproviders/{name},DELETE,Status,cluster_provider,true,false,true
/apps/core.eda.nokia.com/v1/clusterproviders/{name},GET,com.nokia.eda.core.v1.ClusterProvider,cluster_provider,true,true,true
/apps/core.eda.nokia.com/v1/clusterproviders/{name},PATCH,com.nokia.eda.core.v1.ClusterProvider,,false,false,false
/apps/core.eda.nokia.com/v1/clusterproviders/{name},PUT,com.nokia.eda.core.v1.ClusterProvider,cluster_provider,true,false,true
/apps/core.eda.nokia.com/v1/clusterproviders/{name}/_revs,GET,ResourceHistory,,false,false,false
/apps/core.eda.nokia.com/v1/clusterproviders/{name}/_targets,GET,IntentTargets,,false,false,false
/apps/core.eda.nokia.com/v1/clusterproviders/{name}/_topology,POST,K8STopologyRequest,,false,false,false
/apps/core.eda.nokia.com/v1/clusterroles,DELETE,com.nokia.eda.core.v1.ClusterRoleList,,false,false,false
/apps/core.eda.nokia.com/v1/clusterroles,GET,com.nokia.eda.core.v1.ClusterRoleList,cluster_role_list,true,true,false
/apps/core.eda.nokia.com/v1/clusterroles,POST,com.nokia.eda.core.v1.ClusterRole,cluster_role,true,false,true
/apps/core.eda.nokia.com/v1/clusterroles/_deleted,GET,com.nokia.eda.core.v1.ClusterRole_DeletedResources,,false,false,false
/apps/core.eda.nokia.com/v1/clusterroles/{name},DELETE,Status,cluster_role,true,false,true
/apps/core.eda.nokia.com/v1/clusterroles/{name},GET,com.nokia.eda.core.v1.ClusterRole,cluster_role,true,true,true
/apps/core.eda.nokia.com/v1/clusterroles/{name},PATCH,com.nokia.eda.core.v1.ClusterRole,,false,false,false
/apps/core.eda.nokia.com/v1/clusterroles/{name},PUT,com.nokia.eda.core.v1.ClusterRole,cluster_role,true,false,true
/apps/core.eda.nokia.com/v1/clusterroles/{name}/_revs,GET,ResourceHistory,,false,false,false
/apps/core.eda.nokia.com/v1/clusterroles/{name}/_targets,GET,IntentTargets,,false,false,false
/apps/core.eda.nokia.com/v1/clusterroles/{name}/_topology,POST,K8STopologyRequest,,false,false,false
/apps/core.eda.nokia.com/v1/clustersimlinks,DELETE,com.nokia.eda.core.v1.ClusterSimLinkList,,false,false,false
/apps/core.eda.nokia.com/v1/clustersimlinks,GET,com.nokia.eda.core.v1.ClusterSimLinkList,cluster_sim_link_list,true,true,false
/apps/core.eda.nokia.com/v1/clustersimlinks,POST,com.nokia.eda.core.v1.ClusterSimLink,cluster_sim_link,true,false,true
/apps/core.eda.nokia.com/v1/clustersimlinks/_deleted,GET,com.nokia.eda.core.v1.ClusterSimLink_DeletedResources,,false,false,false
/apps/core.eda.nokia.com/v1/clustersimlinks/{name},DELETE,Status,cluster_sim_link,true,false,true
/apps/core.eda.nokia.com/v1/clustersimlinks/{name},GET,com.nokia.eda.core.v1.ClusterSimLink,cluster_sim_link,true,true,true
/apps/core.eda.nokia.com/v1/clustersimlinks/{name},PATCH,com.nokia.eda.core.v1.ClusterSimLink,,false,false,false
/apps/core.eda.nokia.com/v1/clustersimlinks/{name},PUT,com.nokia.eda.core.v1.ClusterSimLink,cluster_sim_link,true,false,true
/apps/core.eda.nokia.com/v1/clustersimlinks/{name}/_revs,GET,ResourceHistory,,false,false,false
/apps/core.eda.nokia.com/v1/clustersimlinks/{name}/_targets,GET,IntentTargets,,false,false,false
/apps/core.eda.nokia.com/v1/clustersimlinks/{name}/_topology,POST,K8STopologyRequest,,false,false,false
/apps/core.eda.nokia.com/v1/clustertopolinks,DELETE,com.nokia.eda.core.v1.ClusterTopoLinkList,,false,false,false
/apps/core.eda.nokia.com/v1/clustertopolinks,GET,com.nokia.eda.core.v1.ClusterTopoLinkList,cluster_topo_link_list,true,true,false
/apps/core.eda.nokia.com/v1/clustertopolinks,POST,com.nokia.eda.core.v1.ClusterTopoLink,cluster_topo_link,true,false,true
/apps/core.eda.nokia.com/v1/clustertopolinks/_deleted,GET,com.nokia.eda.core.v1.ClusterTopoLink_DeletedResources,,false,false,false
/apps/core.eda.nokia.com/v1/clustertopolinks/{name},DELETE,Status,cluster_topo_link,true,false,true
/apps/core.eda.nokia.com/v1/clustertopolinks/{name},GET,com.nokia.eda.core.v1.ClusterTopoLink,cluster_topo_link,true,true,true
/apps/core.eda.nokia.com/v1/clustertopolinks/{name},PATCH,com.nokia.eda.core.v1.ClusterTopoLink,,false,false,false
/apps/core.eda.nokia.com/v1/clustertopolinks/{name},PUT,com.nokia.eda.core.v1.ClusterTopoLink,cluster_topo_link,true,false,true
/apps/core.eda.nokia.com/v1/clustertopolinks/{name}/_revs,GET,ResourceHistory,,false,false,false
/apps/core.eda.nokia.com/v1/clustertopolinks/{name}/_targets,GET,IntentTargets,,false,false,false
/apps/core.eda.nokia.com/v1/clustertopolinks/{name}/_topology,POST,K8STopologyRequest,,false,false,false
/apps/core.eda.nokia.com/v1/deviationactions,GET,com.nokia.eda.core.v1.DeviationActionList,,false,false,false
/apps/core.eda.nokia.com/v1/deviations,GET,com.nokia.eda.core.v1.DeviationList,,false,false,false
/apps/core.eda.nokia.com/v1/edgeinterfaces,GET,com.nokia.eda.core.v1.EdgeInterfaceList,,false,false,false
/apps/core.eda.nokia.com/v1/httpproxies,DELETE,com.nokia.eda.core.v1.HttpProxyList,,false,false,false
/apps/core.eda.nokia.com/v1/httpproxies,GET,com.nokia.eda.core.v1.HttpProxyList,http_proxy_list,true,true,false
/apps/core.eda.nokia.com/v1/httpproxies,POST,com.nokia.eda.core.v1.HttpProxy,http_proxy,true,false,true
/apps/core.eda.nokia.com/v1/httpproxies/_deleted,GET,com.nokia.eda.core.v1.HttpProxy_DeletedResources,,false,false,false
/apps/core.eda.nokia.com/v1/httpproxies/{name},DELETE,Status,http_proxy,true,false,true
/apps/core.eda.nokia.com/v1/httpproxies/{name},GET,com.nokia.eda.core.v1.HttpProxy,http_proxy,true,true,true
/apps/core.eda.nokia.com/v1/httpproxies/{name},PATCH,com.nokia.eda.core.v1.HttpProxy,,false,false,false
/apps/core.eda.nokia.com/v1/httpproxies/{name},PUT,com.nokia.eda.core.v1.HttpProxy,http_proxy,true,false,true
/apps/core.eda.nokia.com/v1/httpproxies/{name}/_revs,GET,ResourceHistory,,false,false,false
/apps/core.eda.nokia.com/v1/httpproxies/{name}/_targets,GET,IntentTargets,,false,false,false
/apps/core.eda.nokia.com/v1/httpproxies/{name}/_topology,POST,K8STopologyRequest,,false,false,false
/apps/core.eda.nokia.com/v1/indexallocationpools,GET,com.nokia.eda.core.v1.IndexAllocationPoolList,,false,false,false
/apps/core.eda.nokia.com/v1/ipallocationpools,GET,com.nokia.eda.core.v1.IPAllocationPoolList,,false,false,false
/apps/core.eda.nokia.com/v1/ipinsubnetallocationpools,GET,com.nokia.eda.core.v1.IPInSubnetAllocationPoolList,,false,false,false
/apps/core.eda.nokia.com/v1/licenses,GET,com.nokia.eda.core.v1.LicenseList,license_list,true,true,false
/apps/core.eda.nokia.com/v1/licenses/{name},GET,com.nokia.eda.core.v1.License,license,true,true,false
/apps/core.eda.nokia.com/v1/licenses/{name}/_revs,GET,ResourceHistory,,false,false,false
/apps/core.eda.nokia.com/v1/licenses/{name}/_targets,GET,IntentTargets,,false,false,false
/apps/core.eda.nokia.com/v1/logoutputs,DELETE,com.nokia.eda.core.v1.LogOutputList,,false,false,false
/apps/core.eda.nokia.com/v1/logoutputs,GET,com.nokia.eda.core.v1.LogOutputList,log_output_list,true,true,false
/apps/core.eda.nokia.com/v1/logoutputs,POST,com.nokia.eda.core.v1.LogOutput,log_output,true,false,true
/apps/core.eda.nokia.com/v1/logoutputs/_deleted,GET,com.nokia.eda.core.v1.LogOutput_DeletedResources,,false,false,false
/apps/core.eda.nokia.com/v1/logoutputs/{name},DELETE,Status,log_output,true,false,true
/apps/core.eda.nokia.com/v1/logoutputs/{name},GET,com.nokia.eda.core.v1.LogOutput,log_output,true,true,true
/apps/core.eda.nokia.com/v1/logoutputs/{name},PATCH,com.nokia.eda.core.v1.LogOutput,,false,false,false
/apps/core.eda.nokia.com/v1/logoutputs/{name},PUT,com.nokia.eda.core.v1.LogOutput,log_output,true,false,true
/apps/core.eda.nokia.com/v1/logoutputs/{name}/_revs,GET,ResourceHistory,,false,false,false
/apps/core.eda.nokia.com/v1/logoutputs/{name}/_targets,GET,IntentTargets,,false,false,false
/apps/core.eda.nokia.com/v1/logoutputs/{name}/_topology,POST,K8STopologyRequest,,false,false,false
/apps/core.eda.nokia.com/v1/namespaces,DELETE,com.nokia.eda.core.v1.NamespaceList,,false,false,false
/apps/core.eda.nokia.com/v1/namespaces,GET,com.nokia.eda.core.v1.NamespaceList,namespace_list,true,true,false
/apps/core.eda.nokia.com/v1/namespaces,POST,com.nokia.eda.core.v1.Namespace,namespace,true,false,true
/apps/core.eda.nokia.com/v1/namespaces/_deleted,GET,com.nokia.eda.core.v1.Namespace_DeletedResources,,false,false,false
/apps/core.eda.nokia.com/v1/namespaces/{namespace}/deviationactions,DELETE,com.nokia.eda.core.v1.DeviationActionList,,false,false,false
/apps/core.eda.nokia.com/v1/namespaces/{namespace}/deviationactions,GET,com.nokia.eda.core.v1.DeviationActionList,deviation_action_list,true,true,false
/apps/core.eda.nokia.com/v1/namespaces/{namespace}/deviationactions,POST,com.nokia.eda.core.v1.DeviationAction,deviation_action,true,false,true
/apps/core.eda.nokia.com/v1/namespaces/{namespace}/deviationactions/_deleted,GET,com.nokia.eda.core.v1.DeviationAction_DeletedResources,,false,false,false
/apps/core.eda.nokia.com/v1/namespaces/{namespace}/deviationactions/{name},DELETE,Status,deviation_action,true,false,true
/apps/core.eda.nokia.com/v1/namespaces/{namespace}/deviationactions/{name},GET,com.nokia.eda.core.v1.DeviationAction,deviation_action,true,true,true
/apps/core.eda.nokia.com/v1/namespaces/{namespace}/deviationactions/{name},PATCH,com.nokia.eda.core.v1.DeviationAction,,false,false,false
/apps/core.eda.nokia.com/v1/namespaces/{namespace}/deviationactions/{name},PUT,com.nokia.eda.core.v1.DeviationAction,deviation_action,true,false,true
/apps/core.eda.nokia.com/v1/namespaces/{namespace}/deviationactions/{name}/_revs,GET,ResourceHistory,,false,false,false
/apps/core.eda.nokia.com/v1/namespaces/{namespace}/deviationactions/{name}/_targets,GET,IntentTargets,,false,false,false
/apps/core.eda.nokia.com/v1/namespaces/{namespace}/deviationactions/{name}/_topology,POST,K8STopologyRequest,,false,false,false
/apps/core.eda.nokia.com/v1/namespaces/{namespace}/deviations,DELETE,com.nokia.eda.core.v1.DeviationList,,false,false,false
/apps/core.eda.nokia.com/v1/namespaces/{namespace}/deviations,GET,com.nokia.eda.core.v1.DeviationList,deviation_list,true,true,false
/apps/core.eda.nokia.com/v1/namespaces/{namespace}/deviations,POST,com.nokia.eda.core.v1.Deviation,deviation,true,false,true
/apps/core.eda.nokia.com/v1/namespaces/{namespace}/deviations/_deleted,GET,com.nokia.eda.core.v1.Deviation_DeletedResources,,false,false,false
/apps/core.eda.nokia.com/v1/namespaces/{namespace}/deviations/{name},DELETE,Status,deviation,true,false,true
/apps/core.eda.nokia.com/v1/namespaces/{namespace}/deviations/{name},GET,com.nokia.eda.core.v1.Deviation,deviation,true,true,true
/apps/core.eda.nokia.com/v1/namespaces/{namespace}/deviations/{name},PATCH,com.nokia.eda.core.v1.Deviation,,false,false,false
/apps/core.eda.nokia.com/v1/namespaces/{namespace}/deviations/{name},PUT,com.nokia.eda.core.v1.Deviation,deviation,true,false,true
/apps/core.eda.nokia.com/v1/namespaces/{namespace}/deviations/{name}/_revs,GET,ResourceHistory,,false,false,false
/apps/core.eda.nokia.com/v1/namespaces/{namespace}/deviations/{name}/_targets,GET,IntentTargets,,false,false,false
/apps/core.eda.nokia.com/v1/namespaces/{namespace}/deviations/{name}/_topology,POST,K8STopologyRequest,,false,false,false
/apps/core.eda.nokia.com/v1/namespaces/{namespace}/edgeinterfaces,DELETE,com.nokia.eda.core.v1.EdgeInterfaceList,,false,false,false
/apps/core.eda.nokia.com/v1/namespaces/{namespace}/edgeinterfaces,GET,com.nokia.eda.core.v1.EdgeInterfaceList,edge_interface_list,true,true,false
/apps/core.eda.nokia.com/v1/namespaces/{namespace}/edgeinterfaces,POST,com.nokia.eda.core.v1.EdgeInterface,edge_interface,true,false,true
/apps/core.eda.nokia.com/v1/namespaces/{namespace}/edgeinterfaces/_deleted,GET,com.nokia.eda.core.v1.EdgeInterface_DeletedResources,,false,false,false
/apps/core.eda.nokia.com/v1/namespaces/{namespace}/edgeinterfaces/{name},DELETE,Status,edge_interface,true,false,true
/apps/core.eda.nokia.com/v1/namespaces/{namespace}/edgeinterfaces/{name},GET,com.nokia.eda.core.v1.EdgeInterface,edge_interface,true,true,true
/apps/core.eda.nokia.com/v1/namespaces/{namespace}/edgeinterfaces/{name},PATCH,com.nokia.eda.core.v1.EdgeInterface,,false,false,false
/apps/core.eda.nokia.com/v1/namespaces/{namespace}/edgeinterfaces/{name},PUT,com.nokia.eda.core.v1.EdgeInterface,edge_interface,true,false,true
/apps/core.eda.nokia.com/v1/namespaces/{namespace}/edgeinterfaces/{name}/_revs,GET,ResourceHistory,,false,false,false
/apps/core.eda.nokia.com/v1/namespaces/{namespace}/edgeinterfaces/{name}/_targets,GET,IntentTargets,,false,false,false
/apps/core.eda.nokia.com/v1/namespaces/{namespace}/edgeinterfaces/{name}/_topology,POST,K8STopologyRequest,,false,false,false
/apps/core.eda.nokia.com/v1/namespaces/{namespace}/indexallocationpools,DELETE,com.nokia.eda.core.v1.IndexAllocationPoolList,,false,false,false
/apps/core.eda.nokia.com/v1/namespaces/{namespace}/indexallocationpools,GET,com.nokia.eda.core.v1.IndexAllocationPoolList,index_allocation_pool_list,true,true,false
/apps/core.eda.nokia.com/v1/namespaces/{namespace}/indexallocationpools,POST,com.nokia.eda.core.v1.IndexAllocationPool,index_allocation_pool,true,false,true
/apps/core.eda.nokia.com/v1/namespaces/{namespace}/indexallocationpools/_deleted,GET,com.nokia.eda.core.v1.IndexAllocationPool_DeletedResources,,false,false,false
/apps/core.eda.nokia.com/v1/namespaces/{namespace}/indexallocationpools/{name},DELETE,Status,index_allocation_pool,true,false,true
/apps/core.eda.nokia.com/v1/namespaces/{namespace}/indexallocationpools/{name},GET,com.nokia.eda.core.v1.IndexAllocationPool,index_allocation_pool,true,true,true
/apps/core.eda.nokia.com/v1/namespaces/{namespace}/indexallocationpools/{name},PATCH,com.nokia.eda.core.v1.IndexAllocationPool,,false,false,false
/apps/core.eda.nokia.com/v1/namespaces/{namespace}/indexallocationpools/{name},PUT,com.nokia.eda.core.v1.IndexAllocationPool,index_allocation_pool,true,false,true
/apps/core.eda.nokia.com/v1/namespaces/{namespace}/indexallocationpools/{name}/_revs,GET,ResourceHistory,,false,false,false
/apps/core.eda.nokia.com/v1/namespaces/{namespace}/indexallocationpools/{name}/_targets,GET,IntentTargets,,false,false,false
/apps/core.eda.nokia.com/v1/namespaces/{namespace}/indexallocationpools/{name}/_topology,POST,K8STopologyRequest,,false,false,false
/apps/core.eda.nokia.com/v1/namespaces/{namespace}/ipallocationpools,DELETE,com.nokia.eda.core.v1.IPAllocationPoolList,,false,false,false
/apps/core.eda.nokia.com/v1/namespaces/{namespace}/ipallocationpools,GET,com.nokia.eda.core.v1.IPAllocationPoolList,ip_allocation_pool_list,true,true,false
/apps/core.eda.nokia.com/v1/namespaces/{namespace}/ipallocationpools,POST,com.nokia.eda.core.v1.IPAllocationPool,ip_allocation_pool,true,false,true
/apps/core.eda.nokia.com/v1/namespaces/{namespace}/ipallocationpools/_deleted,GET,com.nokia.eda.core.v1.IPAllocationPool_DeletedResources,,false,false,false
/apps/core.eda.nokia.com/v1/namespaces/{namespace}/ipallocationpools/{name},DELETE,Status,ip_allocation_pool,true,false,true
/apps/core.eda.nokia.com/v1/namespaces/{namespace}/ipallocationpools/{name},GET,com.nokia.eda.core.v1.IPAllocationPool,ip_allocation_pool,true,true,true
/apps/core.eda.nokia.com/v1/namespaces/{namespace}/ipallocationpools/{name},PATCH,com.nokia.eda.core.v1.IPAllocationPool,,false,false,false
/apps/core.eda.nokia.com/v1/namespaces/{namespace}/ipallocationpools/{name},PUT,com.nokia.eda.core.v1.IPAllocationPool,ip_allocation_pool,true,false,true
/apps/core.eda.nokia.com/v1/namespaces/{namespace}/ipallocationpools/{name}/_revs,GET,ResourceHistory,,false,false,false
/apps/core.eda.nokia.com/v1/namespaces/{namespace}/ipallocationpools/{name}/_targets,GET,IntentTargets,,false,false,false
/apps/core.eda.nokia.com/v1/namespaces/{namespace}/ipallocationpools/{name}/_topology,POST,K8STopologyRequest,,false,false,false
/apps/core.eda.nokia.com/v1/namespaces/{namespace}/ipinsubnetallocationpools,DELETE,com.nokia.eda.core.v1.IPInSubnetAllocationPoolList,,false,false,false
/apps/core.eda.nokia.com/v1/namespaces/{namespace}/ipinsubnetallocationpools,GET,com.nokia.eda.core.v1.IPInSubnetAllocationPoolList,ip_in_subnet_allocation_pool_list,true,true,false
/apps/core.eda.nokia.com/v1/namespaces/{namespace}/ipinsubnetallocationpools,POST,com.nokia.eda.core.v1.IPInSubnetAllocationPool,ip_in_subnet_allocation_pool,true,false,true
/apps/core.eda.nokia.com/v1/namespaces/{namespace}/ipinsubnetallocationpools/_deleted,GET,com.nokia.eda.core.v1.IPInSubnetAllocationPool_DeletedResources,,false,false,false
/apps/core.eda.nokia.com/v1/namespaces/{namespace}/ipinsubnetallocationpools/{name},DELETE,Status,ip_in_subnet_allocation_pool,true,false,true
/apps/core.eda.nokia.com/v1/namespaces/{namespace}/ipinsubnetallocationpools/{name},GET,com.nokia.eda.core.v1.IPInSubnetAllocationPool,ip_in_subnet_allocation_pool,true,true,true
/apps/core.eda.nokia.com/v1/namespaces/{namespace}/ipinsubnetallocationpools/{name},PATCH,com.nokia.eda.core.v1.IPInSubnetAllocationPool,,false,false,false
/apps/core.eda.nokia.com/v1/namespaces/{namespace}/ipinsubnetallocationpools/{name},PUT,com.nokia.eda.core.v1.IPInSubnetAllocationPool,ip_in_subnet_allocation_pool,true,false,true
/apps/core.eda.nokia.com/v1/namespaces/{namespace}/ipinsubnetallocationpools/{name}/_revs,GET,ResourceHistory,,false,false,false
/apps/core.eda.nokia.com/v1/namespaces/{namespace}/ipinsubnetallocationpools/{name}/_targets,GET,IntentTargets,,false,false,false
/apps/core.eda.nokia.com/v1/namespaces/{namespace}/ipinsubnetallocationpools/{name}/_topology,POST,K8STopologyRequest,,false,false,false
/apps/core.eda.nokia.com/v1/namespaces/{namespace}/nodeprofiles,DELETE,com.nokia.eda.core.v1.NodeProfileList,,false,false,false
/apps/core.eda.nokia.com/v1/namespaces/{namespace}/nodeprofiles,GET,com.nokia.eda.core.v1.NodeProfileList,node_profile_list,true,true,false
/apps/core.eda.nokia.com/v1/namespaces/{namespace}/nodeprofiles,POST,com.nokia.eda.core.v1.NodeProfile,node_profile,true,false,true
/apps/core.eda.nokia.com/v1/namespaces/{namespace}/nodeprofiles/_deleted,GET,com.nokia.eda.core.v1.NodeProfile_DeletedResources,,false,false,false
/apps/core.eda.nokia.com/v1/namespaces/{namespace}/nodeprofiles/{name},DELETE,Status,node_profile,true,false,true
/apps/core.eda.nokia.com/v1/namespaces/{namespace}/nodeprofiles/{name},GET,com.nokia.eda.core.v1.NodeProfile,node_profile,true,true,true
/apps/core.eda.nokia.com/v1/namespaces/{namespace}/nodeprofiles/{name},PATCH,com.nokia.eda.core.v1.NodeProfile,,false,false,false
/apps/core.eda.nokia.com/v1/namespaces/{namespace}/nodeprofiles/{name},PUT,com.nokia.eda.core.v1.NodeProfile,node_profile,true,false,true
/apps/core.eda.nokia.com/v1/namespaces/{namespace}/nodeprofiles/{name}/_revs,GET,ResourceHistory,,false,false,false
/apps/core.eda.nokia.com/v1/namespaces/{namespace}/nodeprofiles/{name}/_targets,GET,IntentTargets,,false,false,false
/apps/core.eda.nokia.com/v1/namespaces/{namespace}/nodeprofiles/{name}/_topology,POST,K8STopologyRequest,,false,false,false
/apps/core.eda.nokia.com/v1/namespaces/{namespace}/nodeusers,DELETE,com.nokia.eda.core.v1.NodeUserList,,false,false,false
/apps/core.eda.nokia.com/v1/namespaces/{namespace}/nodeusers,GET,com.nokia.eda.core.v1.NodeUserList,node_user_list,true,true,false
/apps/core.eda.nokia.com/v1/namespaces/{namespace}/nodeusers,POST,com.nokia.eda.core.v1.NodeUser,node_user,true,false,true
/apps/core.eda.nokia.com/v1/namespaces/{namespace}/nodeusers/_deleted,GET,com.nokia.eda.core.v1.NodeUser_DeletedResources,,false,false,false
/apps/core.eda.nokia.com/v1/namespaces/{namespace}/nodeusers/{name},DELETE,Status,node_user,true,false,true
/apps/core.eda.nokia.com/v1/namespaces/{namespace}/nodeusers/{name},GET,com.nokia.eda.core.v1.NodeUser,node_user,true,true,true
/apps/core.eda.nokia.com/v1/namespaces/{namespace}/nodeusers/{name},PATCH,com.nokia.eda.core.v1.NodeUser,,false,false,false
/apps/core.eda.nokia.com/v1/namespaces/{namespace}/nodeusers/{name},PUT,com.nokia.eda.core.v1.NodeUser,node_user,true,false,true
/apps/core.eda.nokia.com/v1/namespaces/{namespace}/nodeusers/{name}/_revs,GET,ResourceHistory,,false,false,false
/apps/core.eda.nokia.com/v1/namespaces/{namespace}/nodeusers/{name}/_targets,GET,IntentTargets,,false,false,false
/apps/core.eda.nokia.com/v1/namespaces/{namespace}/nodeusers/{name}/_topology,POST,K8STopologyRequest,,false,false,false
/apps/core.eda.nokia.com/v1/namespaces/{namespace}/roles,DELETE,com.nokia.eda.core.v1.RoleList,,false,false,false
/apps/core.eda.nokia.com/v1/namespaces/{namespace}/roles,GET,com.nokia.eda.core.v1.RoleList,role_list,true,true,false
/apps/core.eda.nokia.com/v1/namespaces/{namespace}/roles,POST,com.nokia.eda.core.v1.Role,role,true,false,true
/apps/core.eda.nokia.com/v1/namespaces/{namespace}/roles/_deleted,GET,com.nokia.eda.core.v1.Role_DeletedResources,,false,false,false
/apps/core.eda.nokia.com/v1/namespaces/{namespace}/roles/{name},DELETE,Status,role,true,false,true
/apps/core.eda.nokia.com/v1/namespaces/{namespace}/roles/{name},GET,com.nokia.eda.core.v1.Role,role,true,true,true
/apps/core.eda.nokia.com/v1/namespaces/{namespace}/roles/{name},PATCH,com.nokia.eda.core.v1.Role,,false,false,false
/apps/core.eda.nokia.com/v1/namespaces/{namespace}/roles/{name},PUT,com.nokia.eda.core.v1.Role,role,true,false,true
/apps/core.eda.nokia.com/v1/namespaces/{namespace}/roles/{name}/_revs,GET,ResourceHistory,,false,false,false
/apps/core.eda.nokia.com/v1/namespaces/{namespace}/roles/{name}/_targets,GET,IntentTargets,,false,false,false
/apps/core.eda.nokia.com/v1/namespaces/{namespace}/roles/{name}/_topology,POST,K8STopologyRequest,,false,false,false
/apps/core.eda.nokia.com/v1/namespaces/{namespace}/satelliteprofiles,DELETE,com.nokia.eda.core.v1.SatelliteProfileList,,false,false,false
/apps/core.eda.nokia.com/v1/namespaces/{namespace}/satelliteprofiles,GET,com.nokia.eda.core.v1.SatelliteProfileList,satellite_profile_list,true,true,false
/apps/core.eda.nokia.com/v1/namespaces/{namespace}/satelliteprofiles,POST,com.nokia.eda.core.v1.SatelliteProfile,satellite_profile,true,false,true
/apps/core.eda.nokia.com/v1/namespaces/{namespace}/satelliteprofiles/_deleted,GET,com.nokia.eda.core.v1.SatelliteProfile_DeletedResources,,false,false,false
/apps/core.eda.nokia.com/v1/namespaces/{namespace}/satelliteprofiles/{name},DELETE,Status,satellite_profile,true,false,true
/apps/core.eda.nokia.com/v1/namespaces/{namespace}/satelliteprofiles/{name},GET,com.nokia.eda.core.v1.SatelliteProfile,satellite_profile,true,true,true
/apps/core.eda.nokia.com/v1/namespaces/{namespace}/satelliteprofiles/{name},PATCH,com.nokia.eda.core.v1.SatelliteProfile,,false,false,false
/apps/core.eda.nokia.com/v1/namespaces/{namespace}/satelliteprofiles/{name},PUT,com.nokia.eda.core.v1.SatelliteProfile,satellite_profile,true,false,true
/apps/core.eda.nokia.com/v1/namespaces/{namespace}/satelliteprofiles/{name}/_revs,GET,ResourceHistory,,false,false,false
/apps/core.eda.nokia.com/v1/namespaces/{namespace}/satelliteprofiles/{name}/_targets,GET,IntentTargets,,false,false,false
/apps/core.eda.nokia.com/v1/namespaces/{namespace}/satelliteprofiles/{name}/_topology,POST,K8STopologyRequest,,false,false,false
/apps/core.eda.nokia.com/v1/namespaces/{namespace}/simlinks,DELETE,com.nokia.eda.core.v1.SimLinkList,,false,false,false
/apps/core.eda.nokia.com/v1/namespaces/{namespace}/simlinks,GET,com.nokia.eda.core.v1.SimLinkList,sim_link_list,true,true,false
/apps/core.eda.nokia.com/v1/namespaces/{namespace}/simlinks,POST,com.nokia.eda.core.v1.SimLink,sim_link,true,false,true
/apps/core.eda.nokia.com/v1/namespaces/{namespace}/simlinks/_deleted,GET,com.nokia.eda.core.v1.SimLink_DeletedResources,,false,false,false
/apps/core.eda.nokia.com/v1/namespaces/{namespace}/simlinks/{name},DELETE,Status,sim_link,true,false,true
/apps/core.eda.nokia.com/v1/namespaces/{namespace}/simlinks/{name},GET,com.nokia.eda.core.v1.SimLink,sim_link,true,true,true
/apps/core.eda.nokia.com/v1/namespaces/{namespace}/simlinks/{name},PATCH,com.nokia.eda.core.v1.SimLink,,false,false,false
/apps/core.eda.nokia.com/v1/namespaces/{namespace}/simlinks/{name},PUT,com.nokia.eda.core.v1.SimLink,sim_link,true,false,true
/apps/core.eda.nokia.com/v1/namespaces/{namespace}/simlinks/{name}/_revs,GET,ResourceHistory,,false,false,false
/apps/core.eda.nokia.com/v1/namespaces/{namespace}/simlinks/{name}/_targets,GET,IntentTargets,,false,false,false
/apps/core.eda.nokia.com/v1/namespaces/{namespace}/simlinks/{name}/_topology,POST,K8STopologyRequest,,false,false,false
/apps/core.eda.nokia.com/v1/namespaces/{namespace}/simnodes,DELETE,com.nokia.eda.core.v1.SimNodeList,,false,false,false
/apps/core.eda.nokia.com/v1/namespaces/{namespace}/simnodes,GET,com.nokia.eda.core.v1.SimNodeList,sim_node_list,true,true,false
/apps/core.eda.nokia.com/v1/namespaces/{namespace}/simnodes,POST,com.nokia.eda.core.v1.SimNode,sim_node,true,false,true
/apps/core.eda.nokia.com/v1/namespaces/{namespace}/simnodes/_deleted,GET,com.nokia.eda.core.v1.SimNode_DeletedResources,,false,false,false
/apps/core.eda.nokia.com/v1/namespaces/{namespace}/simnodes/{name},DELETE,Status,sim_node,true,false,true
/apps/core.eda.nokia.com/v1/namespaces/{namespace}/simnodes/{name},GET,com.nokia.eda.core.v1.SimNode,sim_node,true,true,true
/apps/core.eda.nokia.com/v1/namespaces/{namespace}/simnodes/{name},PATCH,com.nokia.eda.core.v1.SimNode,,false,false,false
/apps/core.eda.nokia.com/v1/namespaces/{namespace}/simnodes/{name},PUT,com.nokia.eda.core.v1.SimNode,sim_node,true,false,true
/apps/core.eda.nokia.com/v1/namespaces/{namespace}/simnodes/{name}/_revs,GET,ResourceHistory,,false,false,false
/apps/core.eda.nokia.com/v1/namespaces/{namespace}/simnodes/{name}/_targets,GET,IntentTargets,,false,false,false
/apps/core.eda.nokia.com/v1/namespaces/{namespace}/simnodes/{name}/_topology,POST,K8STopologyRequest,,false,false,false
/apps/core.eda.nokia.com/v1/namespaces/{namespace}/subnetallocationpools,DELETE,com.nokia.eda.core.v1.SubnetAllocationPoolList,,false,false,false
/apps/core.eda.nokia.com/v1/namespaces/{namespace}/subnetallocationpools,GET,com.nokia.eda.core.v1.SubnetAllocationPoolList,subnet_allocation_pool_list,true,true,false
/apps/core.eda.nokia.com/v1/namespaces/{namespace}/subnetallocationpools,POST,com.nokia.eda.core.v1.SubnetAllocationPool,subnet_allocation_pool,true,false,true
/apps/core.eda.nokia.com/v1/namespaces/{namespace}/subnetallocationpools/_deleted,GET,com.nokia.eda.core.v1.SubnetAllocationPool_DeletedResources,,false,false,false
/apps/core.eda.nokia.com/v1/namespaces/{namespace}/subnetallocationpools/{name},DELETE,Status,subnet_allocation_pool,true,false,true
/apps/core.eda.nokia.com/v1/namespaces/{namespace}/subnetallocationpools/{name},GET,com.nokia.eda.core.v1.SubnetAllocationPool,subnet_allocation_pool,true,true,true
/apps/core.eda.nokia.com/v1/namespaces/{namespace}/subnetallocationpools/{name},PATCH,com.nokia.eda.core.v1.SubnetAllocationPool,,false,false,false
/apps/core.eda.nokia.com/v1/namespaces/{namespace}/subnetallocationpools/{name},PUT,com.nokia.eda.core.v1.SubnetAllocationPool,subnet_allocation_pool,true,false,true
/apps/core.eda.nokia.com/v1/namespaces/{namespace}/subnetallocationpools/{name}/_revs,GET,ResourceHistory,,false,false,false
/apps/core.eda.nokia.com/v1/namespaces/{namespace}/subnetallocationpools/{name}/_targets,GET,IntentTargets,,false,false,false
/apps/core.eda.nokia.com/v1/namespaces/{namespace}/subnetallocationpools/{name}/_topology,POST,K8STopologyRequest,,false,false,false
/apps/core.eda.nokia.com/v1/namespaces/{namespace}/topobreakouts,DELETE,com.nokia.eda.core.v1.TopoBreakoutList,,false,false,false
/apps/core.eda.nokia.com/v1/namespaces/{namespace}/topobreakouts,GET,com.nokia.eda.core.v1.TopoBreakoutList,topo_breakout_list,true,true,false
/apps/core.eda.nokia.com/v1/namespaces/{namespace}/topobreakouts,POST,com.nokia.eda.core.v1.TopoBreakout,topo_breakout,true,false,true
/apps/core.eda.nokia.com/v1/namespaces/{namespace}/topobreakouts/_deleted,GET,com.nokia.eda.core.v1.TopoBreakout_DeletedResources,,false,false,false
/apps/core.eda.nokia.com/v1/namespaces/{namespace}/topobreakouts/{name},DELETE,Status,topo_breakout,true,false,true
/apps/core.eda.nokia.com/v1/namespaces/{namespace}/topobreakouts/{name},GET,com.nokia.eda.core.v1.TopoBreakout,topo_breakout,true,true,true
/apps/core.eda.nokia.com/v1/namespaces/{namespace}/topobreakouts/{name},PATCH,com.nokia.eda.core.v1.TopoBreakout,,false,false,false
/apps/core.eda.nokia.com/v1/namespaces/{namespace}/topobreakouts/{name},PUT,com.nokia.eda.core.v1.TopoBreakout,topo_breakout,true,false,true
/apps/core.eda.nokia.com/v1/namespaces/{namespace}/topobreakouts/{name}/_revs,GET,ResourceHistory,,false,false,false
/apps/core.eda.nokia.com/v1/namespaces/{namespace}/topobreakouts/{name}/_targets,GET,IntentTargets,,false,false,false
/apps/core.eda.nokia.com/v1/namespaces/{namespace}/topobreakouts/{name}/_topology,POST,K8STopologyRequest,,false,false,false
/apps/core.eda.nokia.com/v1/namespaces/{namespace}/topolinks,DELETE,com.nokia.eda.core.v1.TopoLinkList,,false,false,false
/apps/core.eda.nokia.com/v1/namespaces/{namespace}/topolinks,GET,com.nokia.eda.core.v1.TopoLinkList,topo_link_list,true,true,false
/apps/core.eda.nokia.com/v1/namespaces/{namespace}/topolinks,POST,com.nokia.eda.core.v1.TopoLink,topo_link,true,false,true
/apps/core.eda.nokia.com/v1/namespaces/{namespace}/topolinks/_deleted,GET,com.nokia.eda.core.v1.TopoLink_DeletedResources,,false,false,false
/apps/core.eda.nokia.com/v1/namespaces/{namespace}/topolinks/{name},DELETE,Status,topo_link,true,false,true
/apps/core.eda.nokia.com/v1/namespaces/{namespace}/topolinks/{name},GET,com.nokia.eda.core.v1.TopoLink,topo_link,true,true,true
/apps/core.eda.nokia.com/v1/namespaces/{namespace}/topolinks/{name},PATCH,com.nokia.eda.core.v1.TopoLink,,false,false,false
/apps/core.eda.nokia.com/v1/namespaces/{namespace}/topolinks/{name},PUT,com.nokia.eda.core.v1.TopoLink,topo_link,true,false,true
/apps/core.eda.nokia.com/v1/namespaces/{namespace}/topolinks/{name}/_revs,GET,ResourceHistory,,false,false,false
/apps/core.eda.nokia.com/v1/namespaces/{namespace}/topolinks/{name}/_targets,GET,IntentTargets,,false,false,false
/apps/core.eda.nokia.com/v1/namespaces/{namespace}/topolinks/{name}/_topology,POST,K8STopologyRequest,,false,false,false
/apps/core.eda.nokia.com/v1/namespaces/{namespace}/toponodes,DELETE,com.nokia.eda.core.v1.TopoNodeList,,false,false,false
/apps/core.eda.nokia.com/v1/namespaces/{namespace}/toponodes,GET,com.nokia.eda.core.v1.TopoNodeList,topo_node_list,true,true,false
/apps/core.eda.nokia.com/v1/namespaces/{namespace}/toponodes,POST,com.nokia.eda.core.v1.TopoNode,topo_node,true,false,true
/apps/core.eda.nokia.com/v1/namespaces/{namespace}/toponodes/_deleted,GET,com.nokia.eda.core.v1.TopoNode_DeletedResources,,false,false,false
/apps/core.eda.nokia.com/v1/namespaces/{namespace}/toponodes/{name},DELETE,Status,topo_node,true,false,true
/apps/core.eda.nokia.com/v1/namespaces/{namespace}/toponodes/{name},GET,com.nokia.eda.core.v1.TopoNode,topo_node,true,true,true
/apps/core.eda.nokia.com/v1/namespaces/{namespace}/toponodes/{name},PATCH,com.nokia.eda.core.v1.TopoNode,,false,false,false
/apps/core.eda.nokia.com/v1/namespaces/{namespace}/toponodes/{name},PUT,com.nokia.eda.core.v1.TopoNode,topo_node,true,false,true
/apps/core.eda.nokia.com/v1/namespaces/{namespace}/toponodes/{name}/_revs,GET,ResourceHistory,,false,false,false
/apps/core.eda.nokia.com/v1/namespaces/{namespace}/toponodes/{name}/_targets,GET,IntentTargets,,false,false,false
/apps/core.eda.nokia.com/v1/namespaces/{namespace}/toponodes/{name}/_topology,POST,K8STopologyRequest,,false,false,false
/apps/core.eda.nokia.com/v1/namespaces/{name},DELETE,Status,namespace,true,false,true
/apps/core.eda.nokia.com/v1/namespaces/{name},GET,com.nokia.eda.core.v1.Namespace,namespace,true,true,true
/apps/core.eda.nokia.com/v1/namespaces/{name},PATCH,com.nokia.eda.core.v1.Namespace,,false,false,false
/apps/core.eda.nokia.com/v1/namespaces/{name},PUT,com.nokia.eda.core.v1.Namespace,namespace,true,false,true
/apps/core.eda.nokia.com/v1/namespaces/{name}/_revs,GET,ResourceHistory,,false,false,false
/apps/core.eda.nokia.com/v1/namespaces/{name}/_targets,GET,IntentTargets,,false,false,false
/apps/core.eda.nokia.com/v1/namespaces/{name}/_topology,POST,K8STopologyRequest,,false,false,false
/apps/core.eda.nokia.com/v1/nodeprofiles,GET,com.nokia.eda.core.v1.NodeProfileList,,false,false,false
/apps/core.eda.nokia.com/v1/nodesecurityprofiles,DELETE,com.nokia.eda.core.v1.NodeSecurityProfileList,,false,false,false
/apps/core.eda.nokia.com/v1/nodesecurityprofiles,GET,com.nokia.eda.core.v1.NodeSecurityProfileList,node_security_profile_list,true,true,false
/apps/core.eda.nokia.com/v1/nodesecurityprofiles,POST,com.nokia.eda.core.v1.NodeSecurityProfile,node_security_profile,true,false,true
/apps/core.eda.nokia.com/v1/nodesecurityprofiles/_deleted,GET,com.nokia.eda.core.v1.NodeSecurityProfile_DeletedResources,,false,false,false
/apps/core.eda.nokia.com/v1/nodesecurityprofiles/{name},DELETE,Status,node_security_profile,true,false,true
/apps/core.eda.nokia.com/v1/nodesecurityprofiles/{name},GET,com.nokia.eda.core.v1.NodeSecurityProfile,node_security_profile,true,true,true
/apps/core.eda.nokia.com/v1/nodesecurityprofiles/{name},PATCH,com.nokia.eda.core.v1.NodeSecurityProfile,,false,false,false
/apps/core.eda.nokia.com/v1/nodesecurityprofiles/{name},PUT,com.nokia.eda.core.v1.NodeSecurityProfile,node_security_profile,true,false,true
/apps/core.eda.nokia.com/v1/nodesecurityprofiles/{name}/_revs,GET,ResourceHistory,,false,false,false
/apps/core.eda.nokia.com/v1/nodesecurityprofiles/{name}/_targets,GET,IntentTargets,,false,false,false
/apps/core.eda.nokia.com/v1/nodesecurityprofiles/{name}/_topology,POST,K8STopologyRequest,,false,false,false
/apps/core.eda.nokia.com/v1/nodeusers,GET,com.nokia.eda.core.v1.NodeUserList,,false,false,false
/apps/core.eda.nokia.com/v1/pipelinedefinitions,DELETE,com.nokia.eda.core.v1.PipelineDefinitionList,,false,false,false
/apps/core.eda.nokia.com/v1/pipelinedefinitions,GET,com.nokia.eda.core.v1.PipelineDefinitionList,pipeline_definition_list,true,true,false
/apps/core.eda.nokia.com/v1/pipelinedefinitions,POST,com.nokia.eda.core.v1.PipelineDefinition,pipeline_definition,true,false,true
/apps/core.eda.nokia.com/v1/pipelinedefinitions/_deleted,GET,com.nokia.eda.core.v1.PipelineDefinition_DeletedResources,,false,false,false
/apps/core.eda.nokia.com/v1/pipelinedefinitions/{name},DELETE,Status,pipeline_definition,true,false,true
/apps/core.eda.nokia.com/v1/pipelinedefinitions/{name},GET,com.nokia.eda.core.v1.PipelineDefinition,pipeline_definition,true,true,true
/apps/core.eda.nokia.com/v1/pipelinedefinitions/{name},PATCH,com.nokia.eda.core.v1.PipelineDefinition,,false,false,false
/apps/core.eda.nokia.com/v1/pipelinedefinitions/{name},PUT,com.nokia.eda.core.v1.PipelineDefinition,pipeline_definition,true,false,true
/apps/core.eda.nokia.com/v1/pipelinedefinitions/{name}/_revs,GET,ResourceHistory,,false,false,false
/apps/core.eda.nokia.com/v1/pipelinedefinitions/{name}/_targets,GET,IntentTargets,,false,false,false
/apps/core.eda.nokia.com/v1/pipelinedefinitions/{name}/_topology,POST,K8STopologyRequest,,false,false,false
/apps/core.eda.nokia.com/v1/roles,GET,com.nokia.eda.core.v1.RoleList,,false,false,false
/apps/core.eda.nokia.com/v1/satelliteprofiles,GET,com.nokia.eda.core.v1.SatelliteProfileList,,false,false,false
/apps/core.eda.nokia.com/v1/simlinks,GET,com.nokia.eda.core.v1.SimLinkList,,false,false,false
/apps/core.eda.nokia.com/v1/simnodes,GET,com.nokia.eda.core.v1.SimNodeList,,false,false,false
/apps/core.eda.nokia.com/v1/subnetallocationpools,GET,com.nokia.eda.core.v1.SubnetAllocationPoolList,,false,false,false
/apps/core.eda.nokia.com/v1/topobreakouts,GET,com.nokia.eda.core.v1.TopoBreakoutList,,false,false,false
/apps/core.eda.nokia.com/v1/topolinks,GET,com.nokia.eda.core.v1.TopoLinkList,,false,false,false
/apps/core.eda.nokia.com/v1/toponodes,GET,com.nokia.eda.core.v1.TopoNodeList,,false,false,false
/apps/core.eda.nokia.com/v1/udpproxies,DELETE,com.nokia.eda.core.v1.UdpProxyList,,false,false,false
/apps/core.eda.nokia.com/v1/udpproxies,GET,com.nokia.eda.core.v1.UdpProxyList,udp_proxy_list,true,true,false
/apps/core.eda.nokia.com/v1/udpproxies,POST,com.nokia.eda.core.v1.UdpProxy,udp_proxy,true,false,true
/apps/core.eda.nokia.com/v1/udpproxies/_deleted,GET,com.nokia.eda.core.v1.UdpProxy_DeletedResources,,false,false,false
/apps/core.eda.nokia.com/v1/udpproxies/{name},DELETE,Status,udp_proxy,true,false,true
/apps/core.eda.nokia.com/v1/udpproxies/{name},GET,com.nokia.eda.core.v1.UdpProxy,udp_proxy,true,true,true
/apps/core.eda.nokia.com/v1/udpproxies/{name},PATCH,com.nokia.eda.core.v1.UdpProxy,,false,false,false
/apps/core.eda.nokia.com/v1/udpproxies/{name},PUT,com.nokia.eda.core.v1.UdpProxy,udp_proxy,true,false,true
/apps/core.eda.nokia.com/v1/udpproxies/{name}/_revs,GET,ResourceHistory,,false,false,false
/apps/core.eda.nokia.com/v1/udpproxies/{name}/_targets,GET,IntentTargets,,false,false,false
/apps/core.eda.nokia.com/v1/udpproxies/{name}/_topology,POST,K8STopologyRequest,,false,false,false
/apps/core.eda.nokia.com/v1/workflowdefinitions,DELETE,com.nokia.eda.core.v1.WorkflowDefinitionList,,false,false,false
/apps/core.eda.nokia.com/v1/workflowdefinitions,GET,com.nokia.eda.core.v1.WorkflowDefinitionList,workflow_definition_list,true,true,false
/apps/core.eda.nokia.com/v1/workflowdefinitions,POST,com.nokia.eda.core.v1.WorkflowDefinition,workflow_definition,true,false,true
/apps/core.eda.nokia.com/v1/workflowdefinitions/_deleted,GET,com.nokia.eda.core.v1.WorkflowDefinition_DeletedResources,,false,false,false
/apps/core.eda.nokia.com/v1/workflowdefinitions/{name},DELETE,Status,workflow_definition,true,false,true
/apps/core.eda.nokia.com/v1/workflowdefinitions/{name},GET,com.nokia.eda.core.v1.WorkflowDefinition,workflow_definition,true,true,true
/apps/core.eda.nokia.com/v1/workflowdefinitions/{name},PATCH,com.nokia.eda.core.v1.WorkflowDefinition,,false,false,false
/apps/core.eda.nokia.com/v1/workflowdefinitions/{name},PUT,com.nokia.eda.core.v1.WorkflowDefinition,workflow_definition,true,false,true
/apps/core.eda.nokia.com/v1/workflowdefinitions/{name}/_revs,GET,ResourceHistory,,false,false,false
/apps/core.eda.nokia.com/v1/workflowdefinitions/{name}/_targets,GET,IntentTargets,,false,false,false
/apps/core.eda.nokia.com/v1/workflowdefinitions/{name}/_topology,POST,K8STopologyRequest,,false,false,false
/workflows/v1/core.eda.nokia.com/v1/namespaces/{namespace}/workflows,GET,com.nokia.eda.core.v1.WorkflowList,workflow_list,true,true,false
/workflows/v1/core.eda.nokia.com/v1/namespaces/{namespace}/workflows,POST,com.nokia.eda.core.v1.Workflow,workflow,true,false,true
/workflows/v1/core.eda.nokia.com/v1/namespaces/{namespace}/workflows/{name},DELETE,,workflow,true,false,true
/workflows/v1/core.eda.nokia.com/v1/namespaces/{namespace}/workflows/{name},GET,com.nokia.eda.core.v1.Workflow,workflow,true,true,true
/workflows/v1/core.eda.nokia.com/v1/namespaces/{namespace}/workflows/{name}/_artifacts,GET,,,false,false,false
/workflows/v1/core.eda.nokia.com/v1/namespaces/{namespace}/workflows/{name}/_artifacts/{artifact},GET,,,false,false,false
/workflows/v1/core.eda.nokia.com/v1/namespaces/{namespace}/workflows/{name}/_input,GET,WorkflowGetInputsRespElem,workflow_get_inputs_resp_elem,true,true,false
/workflows/v1/core.eda.nokia.com/v1/namespaces/{namespace}/workflows/{name}/_input,PUT,WorkflowInputData,,false,false,false
/workflows/v1/core.eda.nokia.com/v1/namespaces/{namespace}/workflows/{name}/_logs,GET,,,false,false,false
/workflows/v1/core.eda.nokia.com/v1/namespaces/{namespace}/workflows/{name}/_terminate,PUT,,,false,false,false
/workflows/v1/core.eda.nokia.com/v1/workflows,GET,com.nokia.eda.core.v1.WorkflowList,,false,false,false
